{"cameraMode":{"drawMode":0,"name":"Shaded","section":"Shading Mode"},"sceneLighting":false,"audioPlay":false,"sceneViewState":{"showFog":true,"showMaterialUpdate":false,"showSkybox":false,"showFlares":true,"showImageEffects":true,"showParticleSystems":true,"showVisualEffectGraphs":true,"m_FxEnabled":true},"in2DMode":false,"pivot":{"x":-0.3484877943992615,"y":0.043137162923812869,"z":0.7221375703811646},"rotation":{"x":0.10622230917215347,"y":0.3064611256122589,"z":-0.034436266869306567,"w":0.9453101754188538},"size":1.1853525638580323,"orthographic":false}